[
  {
    "Id": "64129",
    "ThreadId": "19427",
    "Html": "\r\nHello, I'm a newbie to .net, do I need to register PowerCollections.dll using regsvr32 to be able to use this collection?  Please advise on install procedure.  Thanks.<br /><br />Gi<br />",
    "PostedDate": "2007-12-19T10:21:04.977-08:00",
    "UserRole": null,
    "MarkedAsAnswerDate": null
  },
  {
    "Id": "64419",
    "ThreadId": "19427",
    "Html": "\r\nNo...<br /><br />The zip file contains<br />\\PowerCollections\\Binaries\\PowerCollections.dll<br /><br />You simply go to your .Net project..do a \"Add Reference\", and browse to this file.  Then click \"Add\".<br /><br />Now you can use it.  It will (most likely) be copied to your /bin/Debug/ folder when you build your application.<br /><br />Good luck.<br />",
    "PostedDate": "2007-12-20T14:14:11.75-08:00",
    "UserRole": null,
    "MarkedAsAnswerDate": null
  }
]