[
  {
    "Id": "17915",
    "Title": "Using Power Collections in .Net 1.1",
    "LatestDate": "2007-12-20T14:15:14.873-08:00"
  },
  {
    "Id": "19427",
    "Title": "Install",
    "LatestDate": "2007-12-20T14:14:11.75-08:00"
  },
  {
    "Id": "19489",
    "Title": "Xml [Serializable] ?",
    "LatestDate": "2007-12-20T14:03:06.423-08:00"
  },
  {
    "Id": "20809",
    "Title": ".NET Compact Framework 2.0 support",
    "LatestDate": "2009-09-30T07:12:59.453-07:00"
  },
  {
    "Id": "27844",
    "Title": "Distributing a refactored version",
    "LatestDate": "2011-09-13T23:15:37.127-07:00"
  },
  {
    "Id": "33832",
    "Title": "Is this project dead already?",
    "LatestDate": "2009-11-28T17:17:45.233-08:00"
  },
  {
    "Id": "35863",
    "Title": "BidirectionalDictionary",
    "LatestDate": "2008-09-18T05:35:35.637-07:00"
  },
  {
    "Id": "53121",
    "Title": "Set of Sets",
    "LatestDate": "2009-04-13T12:15:01.927-07:00"
  },
  {
    "Id": "56597",
    "Title": "Redblack tree enumerator",
    "LatestDate": "2009-05-17T16:02:34.267-07:00"
  },
  {
    "Id": "61415",
    "Title": "Can these collections be returned by WCF?",
    "LatestDate": "2009-07-03T07:34:13.89-07:00"
  },
  {
    "Id": "68755",
    "Title": "How about some basic information on the library?",
    "LatestDate": "2011-09-13T22:59:25.083-07:00"
  },
  {
    "Id": "209611",
    "Title": "Framework Details for Power Collections",
    "LatestDate": "2011-09-13T22:57:15.79-07:00"
  },
  {
    "Id": "242163",
    "Title": "Dotnet Framework 4.0 support",
    "LatestDate": "2011-10-05T22:58:27.957-07:00"
  },
  {
    "Id": "405671",
    "Title": "NuGet Support",
    "LatestDate": "2012-12-05T07:16:36.48-08:00"
  }
]