{
  "WorkItem": {
    "AffectedComponent": {
      "Name": "",
      "DisplayName": ""
    },
    "ClosedComment": "",
    "ClosedDate": null,
    "CommentCount": 0,
    "Custom": null,
    "Description": "This should be easy. Create arbitrary signing key and include in the library project. This is needed to be possible to deploy the library in the global assembly cache (GAC).",
    "LastUpdatedDate": "2013-02-21T15:40:09.547-08:00",
    "PlannedForRelease": "",
    "ReleaseVisibleToPublic": false,
    "Priority": {
      "Name": "Low",
      "Severity": 50,
      "Id": 1
    },
    "ProjectName": "PowerCollections",
    "ReportedDate": "2009-05-28T14:05:05.41-07:00",
    "Status": {
      "Name": "Proposed",
      "Id": 1
    },
    "ReasonClosed": {
      "Name": "Unassigned"
    },
    "Summary": "Sign library with arbitrary key to be possible to deploy in GAC",
    "Type": {
      "Name": "Issue",
      "Id": 3
    },
    "VoteCount": 2,
    "Id": 7822
  },
  "FileAttachments": [],
  "Comments": []
}