{
  "WorkItem": {
    "AffectedComponent": {
      "Name": "",
      "DisplayName": ""
    },
    "ClosedComment": "",
    "ClosedDate": null,
    "CommentCount": 0,
    "Custom": null,
    "Description": "The current IComparable implementation throws if the contained types fail to implement IComparable, which I believe to be a bad design (if that's the case, the argument should be required to implement IComparable)\n \nIt may be a good idea, though, to have Pair implement IEquatable<>, since Equals(Pair<TFirst, TSecond> other) already exists.",
    "LastUpdatedDate": "2013-02-21T15:40:10.28-08:00",
    "PlannedForRelease": "",
    "ReleaseVisibleToPublic": false,
    "Priority": {
      "Name": "Low",
      "Severity": 50,
      "Id": 1
    },
    "ProjectName": "PowerCollections",
    "ReportedDate": "2008-03-08T21:05:19.543-08:00",
    "Status": {
      "Name": "Proposed",
      "Id": 1
    },
    "ReasonClosed": {
      "Name": "Unassigned"
    },
    "Summary": "Pair<TFirst, TSecond> should *not* implement IComparable, should implement IEquatable",
    "Type": {
      "Name": "Issue",
      "Id": 3
    },
    "VoteCount": 1,
    "Id": 3979
  },
  "FileAttachments": [],
  "Comments": []
}