{
  "WorkItem": {
    "AffectedComponent": {
      "Name": "",
      "DisplayName": ""
    },
    "ClosedComment": "I generated a new help file with Sand Castle and this has fixed the problems. The old file was generated with a version on NDOC that did not work correctly with the 2.0 framework.",
    "ClosedDate": "2007-09-08T20:23:31.787-07:00",
    "CommentCount": 0,
    "Custom": null,
    "Description": "The help file that is available for download (PowerCollections.chm) is non-functional. It appears that all of the links are wrong and have a machine name user id with them.",
    "LastUpdatedDate": "2013-05-16T03:38:36.433-07:00",
    "PlannedForRelease": "",
    "ReleaseVisibleToPublic": false,
    "Priority": {
      "Name": "Low",
      "Severity": 50,
      "Id": 1
    },
    "ProjectName": "PowerCollections",
    "ReportedDate": "2007-09-06T18:51:47.507-07:00",
    "Status": {
      "Name": "Closed",
      "Id": 4
    },
    "ReasonClosed": {
      "Name": "Unassigned"
    },
    "Summary": "Bad help file on site",
    "Type": {
      "Name": "Issue",
      "Id": 3
    },
    "VoteCount": 1,
    "Id": 1306
  },
  "FileAttachments": [],
  "Comments": []
}