{
  "WorkItem": {
    "AffectedComponent": {
      "Name": "",
      "DisplayName": ""
    },
    "ClosedComment": "",
    "ClosedDate": null,
    "CommentCount": 0,
    "Custom": null,
    "Description": "I encountered one left ofter issue with the unit tests, AlgorithmTests.cs, line 4331:\n \nNUnit.Framework.AssertionException:   String lengths are both 22. Strings differ at index 19.\n  Expected: \"{hello,8,{1,2,3},-8,9}\"\n  But was:  \"{hello,8,{1,2,3},-8.9}\"\n  ------------------------------^\n \nI would propose to explicitly use InvariantCulture for such things.",
    "LastUpdatedDate": "2013-02-21T15:40:10.953-08:00",
    "PlannedForRelease": "",
    "ReleaseVisibleToPublic": false,
    "Priority": {
      "Name": "Low",
      "Severity": 50,
      "Id": 1
    },
    "ProjectName": "PowerCollections",
    "ReportedDate": "2007-10-26T04:57:28.573-07:00",
    "Status": {
      "Name": "Proposed",
      "Id": 1
    },
    "ReasonClosed": {
      "Name": "Unassigned"
    },
    "Summary": "Still one problem in unit tests",
    "Type": {
      "Name": "Issue",
      "Id": 3
    },
    "VoteCount": 1,
    "Id": 1991
  },
  "FileAttachments": [],
  "Comments": []
}